ticker,company_name,sector,market_cap,total_debt,equity_volatility,lgd,last_updated,data_source
AAPL,Apple Inc.,Technology,4860153954304.0,84344000000.0,0.247901,0.35,2026-10-01,yfinance
MSFT,Microsoft Corporation,Technology,3808562511872.0,56826000000.0,0.324603,0.35,2026-10-01,yfinance
JPM,JPMorgan Chase & Co.,Financial Services,879407726592.0,532953000000.0,0.226082,0.55,2026-10-01,yfinance
JNJ,Johnson & Johnson,Healthcare,637996498944.0,49036000000.0,0.189222,0.35,2026-10-01,yfinance
PG,The Procter & Gamble Company,Consumer Defensive,337437851648.0,35026000000.0,0.198701,0.35,2026-10-01,yfinance
F,Ford Motor Company,Consumer Cyclical,48090406912.0,163296000000.0,0.384542,0.4,2026-10-01,yfinance
M,"Macy's, Inc.",Consumer Cyclical,5946992128.0,5089000000.0,0.4099,0.4,2026-10-01,yfinance
CCL,Carnival Corporation Ltd.,Consumer Cyclical,32996734976.0,26170000000.0,0.490379,0.4,2026-10-01,yfinance
AAL,American Airlines Group Inc.,Industrials,8850537472.0,35729000000.0,0.475767,0.4,2026-10-01,yfinance
AMC,"AMC Entertainment Holdings, Inc.",Communication Services,2677813760.0,7715200000.0,0.82804,0.4,2026-10-01,yfinance
C,Citigroup Inc.,Financial Services,217194512384.0,402727000000.0,0.294111,0.55,2026-10-01,yfinance
BAC,Bank of America Corporation,Financial Services,380615294976.0,383594000000.0,0.222951,0.55,2026-10-01,yfinance
GS,"The Goldman Sachs Group, Inc.",Financial Services,262159073280.0,475019000000.0,0.322275,0.55,2026-10-01,yfinance
MS,Morgan Stanley,Financial Services,295392116736.0,422375000000.0,0.286077,0.55,2026-10-01,yfinance
WFC,Wells Fargo & Company,Financial Services,242071142400.0,207307000000.0,0.267359,0.55,2026-10-01,yfinance
GOOGL,Alphabet Inc.,Communication Services,4208075997184.0,112756000000.0,0.315625,0.4,2026-10-01,yfinance
AMZN,"Amazon.com, Inc.",Consumer Cyclical,2687409848320.0,209888000000.0,0.339238,0.4,2026-10-01,yfinance
META,"Meta Platforms, Inc.",Communication Services,1847400464384.0,112318000000.0,0.419265,0.4,2026-10-01,yfinance
NVDA,NVIDIA Corporation,Technology,5514691870720.0,38351000000.0,0.376736,0.35,2026-10-01,yfinance
TSLA,"Tesla, Inc.",Consumer Cyclical,1401338986496.0,16080000000.0,0.463602,0.4,2026-10-01,yfinance
ORCL,Oracle Corporation,Technology,416225099776.0,155931000000.0,0.564351,0.35,2026-10-01,yfinance
CRM,"Salesforce, Inc.",Technology,188936110080.0,41743000000.0,0.466681,0.35,2026-10-01,yfinance
ADBE,Adobe Inc.,Technology,95376154624.0,6762000000.0,0.410595,0.35,2026-10-01,yfinance
INTC,Intel Corporation,Technology,635548401664.0,50537000000.0,0.759971,0.35,2026-10-01,yfinance
AMD,"Advanced Micro Devices, Inc.",Technology,998682918912.0,4276000000.0,0.718549,0.35,2026-10-01,yfinance
QCOM,QUALCOMM Incorporated,Technology,196565843968.0,15270000000.0,0.542332,0.35,2026-10-01,yfinance
TXN,Texas Instruments Incorporated,Technology,255791546368.0,14052000000.0,0.417925,0.35,2026-10-01,yfinance
CSCO,"Cisco Systems, Inc.",Technology,424340619264.0,29533000000.0,0.346618,0.35,2026-10-01,yfinance
IBM,International Business Machines Corporation,Technology,207203614720.0,65272000000.0,0.509273,0.35,2026-10-01,yfinance
NOW,"ServiceNow, Inc.",Technology,138547838976.0,8453000000.0,0.579533,0.35,2026-10-01,yfinance
AMAT,"Applied Materials, Inc.",Technology,405829877760.0,7346000000.0,0.595542,0.35,2026-10-01,yfinance
MU,"Micron Technology, Inc.",Technology,1202927960064.0,6376000000.0,0.803068,0.35,2026-10-01,yfinance
LRCX,Lam Research Corporation,Technology,411105427456.0,3734563000.0,0.644964,0.35,2026-10-01,yfinance
KLAC,KLA Corporation,Technology,254384898048.0,6151713000.0,0.610436,0.35,2026-10-01,yfinance
SNPS,"Synopsys, Inc.",Technology,83350437888.0,10841789000.0,0.43194,0.35,2026-10-01,yfinance
CDNS,"Cadence Design Systems, Inc.",Technology,90930634752.0,2651359000.0,0.403797,0.35,2026-10-01,yfinance
PANW,"Palo Alto Networks, Inc.",Technology,324999577600.0,2500000000.0,0.474609,0.35,2026-10-01,yfinance
CRWD,"CrowdStrike Holdings, Inc.",Technology,271086747648.0,820179000.0,0.541475,0.35,2026-10-01,yfinance
FTNT,"Fortinet, Inc.",Technology,131158646784.0,496900000.0,0.41545,0.35,2026-10-01,yfinance
NET,"Cloudflare, Inc.",Technology,123659362304.0,3529350000.0,0.657249,0.35,2026-10-01,yfinance
DDOG,"Datadog, Inc.",Technology,98332696576.0,1277801000.0,0.676906,0.35,2026-10-01,yfinance
ZS,"Zscaler, Inc.",Technology,32516368384.0,1855824000.0,0.697236,0.35,2026-10-01,yfinance
TEAM,Atlassian Corporation,Technology,45385256960.0,1232910000.0,0.746166,0.35,2026-10-01,yfinance
HUBS,"HubSpot, Inc.",Technology,10493071360.0,236914000.0,0.744072,0.35,2026-10-01,yfinance
WDAY,"Workday, Inc.",Technology,45900861440.0,3772000000.0,0.534301,0.35,2026-10-01,yfinance
SNOW,Snowflake Inc.,Technology,119796768768.0,2763815000.0,0.624075,0.35,2026-10-01,yfinance
PLTR,Palantir Technologies Inc.,Technology,449492090880.0,211400000.0,0.592397,0.35,2026-10-01,yfinance
APP,AppLovin Corporation,Communication Services,97566908416.0,3515072000.0,0.75627,0.4,2026-10-01,yfinance
UBER,"Uber Technologies, Inc.",Technology,139935793152.0,14731000000.0,0.352716,0.35,2026-10-01,yfinance
LYFT,"Lyft, Inc.",Technology,5681889280.0,1261604000.0,0.482015,0.35,2026-10-01,yfinance
ABNB,"Airbnb, Inc.",Consumer Cyclical,96194912256.0,2496000000.0,0.354027,0.4,2026-10-01,yfinance
DASH,"DoorDash, Inc.",Consumer Cyclical,79531843584.0,3305000000.0,0.489911,0.4,2026-10-01,yfinance
SPOT,Spotify Technology S.A.,Communication Services,100197629952.0,466000000.0,0.446744,0.4,2026-10-01,yfinance
RBLX,Roblox Corporation,Communication Services,30268106752.0,1836000000.0,0.721229,0.4,2026-10-01,yfinance
U,Unity Software Inc.,Technology,18012839936.0,2237402000.0,0.74358,0.35,2026-10-01,yfinance
HOOD,"Robinhood Markets, Inc.",Financial Services,101146763264.0,22706000000.0,0.717255,0.55,2026-10-01,yfinance
COIN,"Coinbase Global, Inc.",Financial Services,49181843456.0,6668290000.0,0.720574,0.55,2026-10-01,yfinance
MSTR,Strategy Inc,Technology,61044760576.0,6770777000.0,0.805914,0.35,2026-10-01,yfinance
BRK-B,Berkshire Hathaway Inc.,Financial Services,1065966436352.0,128599000000.0,0.146754,0.55,2026-10-01,yfinance
V,Visa Inc.,Financial Services,674590031872.0,23858000000.0,0.21951,0.55,2026-10-01,yfinance
MA,Mastercard Incorporated,Financial Services,483093151744.0,24643000000.0,0.224795,0.55,2026-10-01,yfinance
AXP,American Express Company,Financial Services,205361725440.0,59049000000.0,0.269846,0.55,2026-10-01,yfinance
BLK,"BlackRock, Inc.",Financial Services,171946934272.0,14968000000.0,0.274512,0.55,2026-10-01,yfinance
SCHW,The Charles Schwab Corporation,Financial Services,169025273856.0,37345000000.0,0.252952,0.55,2026-10-01,yfinance
USB,U.S. Bancorp,Financial Services,89993052160.0,96008000000.0,0.225495,0.55,2026-10-01,yfinance
PNC,"The PNC Financial Services Group, Inc.",Financial Services,88669216768.0,85723000000.0,0.220629,0.55,2026-10-01,yfinance
TFC,Truist Financial Corporation,Financial Services,56561295360.0,64305000000.0,0.246272,0.55,2026-10-01,yfinance
COF,Capital One Financial Corporation,Financial Services,118445531136.0,44677000000.0,0.3229,0.55,2026-10-01,yfinance
SYF,Synchrony Financial,Financial Services,23091568640.0,16432000000.0,0.321176,0.55,2026-10-01,yfinance
AIG,"American International Group, Inc.",Financial Services,38913708032.0,9127000000.0,0.243569,0.55,2026-10-01,yfinance
MET,"MetLife, Inc.",Financial Services,59836510208.0,21345000000.0,0.23726,0.55,2026-10-01,yfinance
PRU,"Prudential Financial, Inc.",Financial Services,39185100800.0,24635000000.0,0.227328,0.55,2026-10-01,yfinance
ALL,The Allstate Corporation,Financial Services,56099065856.0,7492000000.0,0.253514,0.55,2026-10-01,yfinance
TRV,"The Travelers Companies, Inc.",Financial Services,74359087104.0,9068000000.0,0.20812,0.55,2026-10-01,yfinance
PGR,The Progressive Corporation,Financial Services,120322719744.0,8387000000.0,0.269762,0.55,2026-10-01,yfinance
CB,Chubb Limited,Financial Services,125481410560.0,18115000000.0,0.195273,0.55,2026-10-01,yfinance
MMC,Marsh & McLennan Companies,Financial Services,98000000000.0,12000000000.0,0.195,0.55,2026-04-21,cached — fetch failed 2026-10-01
AON,Aon plc,Financial Services,58709954560.0,15874000000.0,0.281058,0.55,2026-10-01,yfinance
ICE,"Intercontinental Exchange, Inc.",Financial Services,85348802560.0,20527000000.0,0.252235,0.55,2026-10-01,yfinance
CME,CME Group Inc.,Financial Services,94202576896.0,3424200000.0,0.240506,0.55,2026-10-01,yfinance
SPGI,S&P Global Inc.,Financial Services,116289757184.0,15622000000.0,0.311765,0.55,2026-10-01,yfinance
MCO,Moody's Corporation,Financial Services,78646681600.0,7522000000.0,0.280297,0.55,2026-10-01,yfinance
MSCI,MSCI Inc.,Financial Services,39160578048.0,6519300000.0,0.301313,0.55,2026-10-01,yfinance
FIS,"Fidelity National Information Services, Inc.",Technology,16966725632.0,21256000000.0,0.334584,0.35,2026-10-01,yfinance
GPN,Global Payments Inc.,Industrials,21611382784.0,23555090000.0,0.400951,0.4,2026-10-01,yfinance
WEX,WEX Inc.,Technology,5749568000.0,5357100000.0,0.410997,0.35,2026-10-01,yfinance
UNH,UnitedHealth Group Incorporated,Healthcare,329489088512.0,73328000000.0,0.356443,0.35,2026-10-01,yfinance
LLY,Eli Lilly and Company,Healthcare,1031816085504.0,54908000000.0,0.342909,0.35,2026-10-01,yfinance
ABBV,AbbVie Inc.,Healthcare,462260207616.0,70822000000.0,0.255491,0.35,2026-10-01,yfinance
MRK,"Merck & Co., Inc.",Healthcare,358504693760.0,53906000000.0,0.285408,0.35,2026-10-01,yfinance
PFE,Pfizer Inc.,Healthcare,162554691584.0,63194000000.0,0.211773,0.35,2026-10-01,yfinance
TMO,Thermo Fisher Scientific Inc.,Healthcare,249597902848.0,42549000000.0,0.286843,0.35,2026-10-01,yfinance
ABT,Abbott Laboratories,Healthcare,171013783552.0,34047000000.0,0.269762,0.35,2026-10-01,yfinance
DHR,Danaher Corporation,Healthcare,155746566144.0,26558000000.0,0.300568,0.35,2026-10-01,yfinance
BMY,Bristol-Myers Squibb Company,Healthcare,127465398272.0,45053000000.0,0.270325,0.35,2026-10-01,yfinance
AMGN,Amgen Inc.,Healthcare,227881795584.0,57304000000.0,0.288724,0.35,2026-10-01,yfinance
GILD,"Gilead Sciences, Inc.",Healthcare,184815321088.0,26246000000.0,0.263808,0.35,2026-10-01,yfinance
ISRG,"Intuitive Surgical, Inc.",Healthcare,145686609920.0,0.0,0.369296,0.35,2026-10-01,yfinance
SYK,Stryker Corporation,Healthcare,105632186368.0,14942000000.0,0.298635,0.35,2026-10-01,yfinance
BSX,Boston Scientific Corporation,Healthcare,63258873856.0,12624000000.0,0.396133,0.35,2026-10-01,yfinance
HCA,"HCA Healthcare, Inc.",Healthcare,92389851136.0,51552000000.0,0.311299,0.35,2026-10-01,yfinance
ELV,"Elevance Health, Inc.",Healthcare,84323123200.0,31044000000.0,0.354715,0.35,2026-10-01,yfinance
CI,The Cigna Group,Healthcare,71828488192.0,31878000000.0,0.33844,0.35,2026-10-01,yfinance
HUM,Humana Inc.,Healthcare,45819043840.0,14247000000.0,0.479616,0.35,2026-10-01,yfinance
CNC,Centene Corporation,Healthcare,30686969856.0,16105000000.0,0.480074,0.35,2026-10-01,yfinance
MOH,"Molina Healthcare, Inc.",Healthcare,9871020032.0,3953000000.0,0.554079,0.35,2026-10-01,yfinance
ZBH,"Zimmer Biomet Holdings, Inc.",Healthcare,16943229952.0,7479000000.0,0.332333,0.35,2026-10-01,yfinance
BAX,Baxter International Inc.,Healthcare,12407904256.0,9667000000.0,0.439022,0.35,2026-10-01,yfinance
BDX,"Becton, Dickinson and Company",Healthcare,48757239808.0,16808000000.0,0.257578,0.35,2026-10-01,yfinance
EW,Edwards Lifesciences Corporation,Healthcare,49754849280.0,704400000.0,0.252363,0.35,2026-10-01,yfinance
HOLX,"Hologic, Inc.",Healthcare,16968846336.0,2520300000.0,0.161398,0.35,2026-06-09,cached — fetch failed 2026-10-01
IDXX,"IDEXX Laboratories, Inc.",Healthcare,41138712576.0,1096081000.0,0.316105,0.35,2026-10-01,yfinance
IQV,IQVIA Holdings Inc.,Healthcare,44252712960.0,16241000000.0,0.401114,0.35,2026-10-01,yfinance
MCK,McKesson Corporation,Healthcare,99546013696.0,11701000000.0,0.299304,0.35,2026-10-01,yfinance
COR,"Cencora, Inc.",Healthcare,57295855616.0,11723241000.0,0.321669,0.35,2026-10-01,yfinance
CAH,"Cardinal Health, Inc.",Healthcare,51521953792.0,8886000000.0,0.28717,0.35,2026-10-01,yfinance
WMT,Walmart Inc.,Consumer Defensive,827003568128.0,73755000000.0,0.265305,0.35,2026-10-01,yfinance
COST,Costco Wholesale Corporation,Consumer Defensive,403522781184.0,8136000000.0,0.199666,0.35,2026-10-01,yfinance
HD,"The Home Depot, Inc.",Consumer Cyclical,283832713216.0,62567000000.0,0.256294,0.4,2026-10-01,yfinance
LOW,"Lowe's Companies, Inc.",Consumer Cyclical,103396638720.0,42023000000.0,0.272582,0.4,2026-10-01,yfinance
TGT,Target Corporation,Consumer Defensive,71183753216.0,18689000000.0,0.307458,0.35,2026-10-01,yfinance
MCD,McDonald's Corporation,Consumer Cyclical,163422732288.0,54592000000.0,0.192475,0.4,2026-10-01,yfinance
SBUX,Starbucks Corporation,Consumer Cyclical,107114397696.0,22434100000.0,0.27599,0.4,2026-10-01,yfinance
NKE,"NIKE, Inc.",Consumer Cyclical,52515856384.0,11033000000.0,0.36511,0.4,2026-10-01,yfinance
TJX,"The TJX Companies, Inc.",Consumer Cyclical,145537564672.0,14317000000.0,0.21186,0.4,2026-10-01,yfinance
BKNG,Booking Holdings Inc.,Consumer Cyclical,122407395328.0,20694000000.0,0.380262,0.4,2026-10-01,yfinance
EXPE,"Expedia Group, Inc.",Consumer Cyclical,31609012224.0,5685000000.0,0.506307,0.4,2026-10-01,yfinance
YUM,"Yum! Brands, Inc.",Consumer Cyclical,37207334912.0,12275000000.0,0.244722,0.4,2026-10-01,yfinance
QSR,Restaurant Brands International Inc.,Consumer Cyclical,32562528256.0,15672000000.0,0.241737,0.4,2026-10-01,yfinance
DPZ,"Domino's Pizza, Inc.",Consumer Cyclical,9911618560.0,5122853000.0,0.308963,0.4,2026-10-01,yfinance
DKNG,DraftKings Inc.,Consumer Cyclical,9432627200.0,1916009000.0,0.528563,0.4,2026-10-01,yfinance
LVS,Las Vegas Sands Corp.,Consumer Cyclical,24489582592.0,15262000000.0,0.352016,0.4,2026-10-01,yfinance
WYNN,"Wynn Resorts, Limited",Consumer Cyclical,8179215872.0,12342463000.0,0.333168,0.4,2026-10-01,yfinance
CZR,"Caesars Entertainment, Inc.",Consumer Cyclical,6042080768.0,24856000000.0,0.457541,0.4,2026-10-01,yfinance
MGM,MGM Resorts International,Consumer Cyclical,7944180736.0,29846957000.0,0.387708,0.4,2026-10-01,yfinance
KO,The Coca-Cola Company,Consumer Defensive,370363432960.0,43543000000.0,0.187487,0.35,2026-10-01,yfinance
PEP,"PepsiCo, Inc.",Consumer Defensive,173099515904.0,53214000000.0,0.21079,0.35,2026-10-01,yfinance
MDLZ,"Mondelez International, Inc.",Consumer Defensive,73796132864.0,21622000000.0,0.23301,0.35,2026-10-01,yfinance
GIS,"General Mills, Inc.",Consumer Defensive,17195538432.0,13940400000.0,0.288357,0.35,2026-10-01,yfinance
CAG,"Conagra Brands, Inc.",Consumer Defensive,6431921664.0,7268400000.0,0.305865,0.35,2026-10-01,yfinance
SJM,The J. M. Smucker Company,Consumer Defensive,12702345216.0,6897100000.0,0.280747,0.35,2026-10-01,yfinance
HRL,Hormel Foods Corporation,Consumer Defensive,10973995008.0,2855123000.0,0.293228,0.35,2026-10-01,yfinance
TSN,"Tyson Foods, Inc.",Consumer Defensive,17776529408.0,8006000000.0,0.266007,0.35,2026-10-01,yfinance
MKC,"McCormick & Company, Incorporated",Consumer Defensive,12474712064.0,4933500000.0,0.302329,0.35,2026-10-01,yfinance
CLX,The Clorox Company,Consumer Defensive,9796621312.0,5520000000.0,0.316311,0.35,2026-10-01,yfinance
CL,Colgate-Palmolive Company,Consumer Defensive,68014784512.0,7857000000.0,0.224002,0.35,2026-10-01,yfinance
KMB,Kimberly-Clark Corporation,Consumer Defensive,32403175424.0,6517000000.0,0.282789,0.35,2026-10-01,yfinance
CHD,"Church & Dwight Co., Inc.",Consumer Defensive,22349352960.0,2205100000.0,0.225986,0.35,2026-10-01,yfinance
EL,The Estée Lauder Companies Inc.,Consumer Defensive,33612683264.0,9246000000.0,0.491487,0.35,2026-10-01,yfinance
ULTA,"Ulta Beauty, Inc.",Consumer Cyclical,23352848384.0,2524031000.0,0.351424,0.4,2026-10-01,yfinance
XOM,ExxonMobil Holdings Corporation,Energy,669213655040.0,42368000000.0,0.260304,0.45,2026-10-01,yfinance
CVX,Chevron Corporation,Energy,400579035136.0,37075000000.0,0.238153,0.45,2026-10-01,yfinance
COP,ConocoPhillips,Energy,150347382784.0,23290000000.0,0.30983,0.45,2026-10-01,yfinance
SLB,SLB N.V.,Energy,72307458048.0,12798000000.0,0.364126,0.45,2026-10-01,yfinance
EOG,"EOG Resources, Inc.",Energy,72259133440.0,8250000000.0,0.288878,0.45,2026-10-01,yfinance
MPC,Marathon Petroleum Corporation,Energy,111043731456.0,34292000000.0,0.349035,0.45,2026-10-01,yfinance
PSX,Phillips 66,Energy,102362718208.0,20565000000.0,0.311912,0.45,2026-10-01,yfinance
VLO,Valero Energy Corporation,Energy,111603556352.0,11349000000.0,0.366399,0.45,2026-10-01,yfinance
OXY,Occidental Petroleum Corporation,Energy,55299940352.0,14626000000.0,0.358014,0.45,2026-10-01,yfinance
HAL,Halliburton Company,Energy,26493544448.0,8199000000.0,0.351545,0.45,2026-10-01,yfinance
DVN,Devon Energy Corporation,Energy,50644000768.0,11744000000.0,0.347092,0.45,2026-10-01,yfinance
FANG,"Diamondback Energy, Inc.",Energy,51470434304.0,12614000000.0,0.327309,0.45,2026-10-01,yfinance
BKR,Baker Hughes Company,Energy,54497808384.0,16253000000.0,0.331413,0.45,2026-10-01,yfinance
APA,APA Corporation,Energy,14553602048.0,3881000000.0,0.459485,0.45,2026-10-01,yfinance
CVI,"CVR Energy, Inc.",Energy,5126055424.0,1799000000.0,0.535169,0.45,2026-10-01,yfinance
CTRA,Coterra Energy Inc.,Energy,24724652032.0,4017000000.0,0.303225,0.45,2026-07-07,cached — fetch failed 2026-10-01
EQT,EQT Corporation,Energy,30375059456.0,5655714000.0,0.305155,0.45,2026-10-01,yfinance
RRC,Range Resources Corporation,Energy,8655490048.0,1016557000.0,0.326661,0.45,2026-10-01,yfinance
AR,Antero Resources Corporation,Energy,10265388032.0,4615305000.0,0.384738,0.45,2026-10-01,yfinance
NOV,NOV Inc.,Energy,6676834816.0,2326000000.0,0.367202,0.45,2026-10-01,yfinance
BA,The Boeing Company,Industrials,147048349696.0,47209000000.0,0.342093,0.4,2026-10-01,yfinance
CAT,Caterpillar Inc.,Industrials,372699791360.0,45146000000.0,0.397053,0.4,2026-10-01,yfinance
GE,GE Aerospace,Industrials,324020404224.0,19157000000.0,0.332355,0.4,2026-10-01,yfinance
HON,Honeywell International Inc.,Industrials,66855325696.0,33988000000.0,0.272526,0.4,2026-10-01,yfinance
RTX,RTX Corporation,Industrials,250211287040.0,38856000000.0,0.25999,0.4,2026-10-01,yfinance
LMT,Lockheed Martin Corporation,Industrials,117530189824.0,20538000000.0,0.281713,0.4,2026-10-01,yfinance
UPS,"United Parcel Service, Inc.",Industrials,79497035776.0,28673000000.0,0.303669,0.4,2026-10-01,yfinance
FDX,FedEx Corporation,Industrials,67472371712.0,42943000000.0,0.29002,0.4,2026-10-01,yfinance
DE,Deere & Company,Industrials,181066940416.0,64180000000.0,0.31986,0.4,2026-10-01,yfinance
MMM,3M Company,Industrials,84655833088.0,12551000000.0,0.263589,0.4,2026-10-01,yfinance
NOC,Northrop Grumman Corporation,Industrials,68684632064.0,16289000000.0,0.275463,0.4,2026-10-01,yfinance
GD,General Dynamics Corporation,Industrials,89778987008.0,9479000000.0,0.223328,0.4,2026-10-01,yfinance
HII,"Huntington Ingalls Industries, Inc.",Industrials,10523787264.0,2935000000.0,0.382702,0.4,2026-10-01,yfinance
LHX,"L3Harris Technologies, Inc.",Industrials,44091899904.0,10999000000.0,0.285911,0.4,2026-10-01,yfinance
TDG,TransDigm Group Incorporated,Industrials,59842363392.0,33485000000.0,0.276544,0.4,2026-10-01,yfinance
HWM,Howmet Aerospace Inc.,Industrials,90200899584.0,4664000000.0,0.340791,0.4,2026-10-01,yfinance
TXT,Textron Inc.,Industrials,13105401856.0,3805000000.0,0.268935,0.4,2026-10-01,yfinance
WWD,"Woodward, Inc.",Industrials,19401865216.0,1360050000.0,0.381826,0.4,2026-10-01,yfinance
AXON,"Axon Enterprise, Inc.",Industrials,34324432896.0,1833475000.0,0.624585,0.4,2026-10-01,yfinance
IR,Ingersoll Rand Inc.,Industrials,29142636544.0,4832700000.0,0.327152,0.4,2026-10-01,yfinance
ITW,Illinois Tool Works Inc.,Industrials,73273344000.0,9694000000.0,0.21783,0.4,2026-10-01,yfinance
EMR,Emerson Electric Co.,Industrials,86514786304.0,13255000000.0,0.320144,0.4,2026-10-01,yfinance
ETN,Eaton Corporation plc,Industrials,166899367936.0,21326000000.0,0.395182,0.4,2026-10-01,yfinance
ROK,"Rockwell Automation, Inc.",Industrials,48440889344.0,3613000000.0,0.30875,0.4,2026-10-01,yfinance
AME,"AMETEK, Inc.",Industrials,56794886144.0,2036174000.0,0.236497,0.4,2026-10-01,yfinance
PH,Parker-Hannifin Corporation,Industrials,120490319872.0,8520000000.0,0.263908,0.4,2026-10-01,yfinance
DOV,Dover Corporation,Industrials,25191936000.0,3259988000.0,0.261343,0.4,2026-10-01,yfinance
FAST,Fastenal Company,Industrials,56835555328.0,441500000.0,0.254144,0.4,2026-10-01,yfinance
GWW,"W.W. Grainger, Inc.",Industrials,58676473856.0,2797000000.0,0.234472,0.4,2026-10-01,yfinance
MSC,Studio City International Holdings Limited,Consumer Cyclical,177951472.0,1988182000.0,0.933373,0.4,2026-10-01,yfinance
CTAS,Cintas Corporation,Industrials,77929783296.0,2705957000.0,0.235341,0.4,2026-10-01,yfinance
VRSK,"Verisk Analytics, Inc.",Industrials,21846687744.0,4617100000.0,0.362496,0.4,2026-10-01,yfinance
BR,"Broadridge Financial Solutions, Inc.",Technology,18188195840.0,3517600000.0,0.291631,0.35,2026-10-01,yfinance
PAYC,"Paycom Software, Inc.",Technology,9809838080.0,982800000.0,0.460182,0.35,2026-10-01,yfinance
ADP,"Automatic Data Processing, Inc.",Technology,102256672768.0,5270800000.0,0.274842,0.35,2026-10-01,yfinance
PAYX,"Paychex, Inc.",Technology,35064078336.0,4608300000.0,0.297638,0.35,2026-10-01,yfinance
NEE,"NextEra Energy, Inc.",Utilities,157991993344.0,110197000000.0,0.209247,0.4,2026-10-01,yfinance
DUK,Duke Energy Corporation,Utilities,88893849600.0,92206000000.0,0.160439,0.4,2026-10-01,yfinance
SO,The Southern Company,Utilities,95353585664.0,77087000000.0,0.173143,0.4,2026-10-01,yfinance
D,"Dominion Energy, Inc.",Utilities,53228912640.0,53424000000.0,0.200698,0.4,2026-10-01,yfinance
AEP,"American Electric Power Company, Inc.",Utilities,64587304960.0,53498000000.0,0.189336,0.4,2026-10-01,yfinance
EXC,Exelon Corporation,Utilities,41622261760.0,52673000000.0,0.193399,0.4,2026-10-01,yfinance
XEL,Xcel Energy Inc.,Utilities,44024229888.0,40323000000.0,0.188237,0.4,2026-10-01,yfinance
ES,Eversource Energy,Utilities,24167452672.0,30339695000.0,0.245557,0.4,2026-10-01,yfinance
ED,"Consolidated Edison, Inc.",Utilities,37800185856.0,28320000000.0,0.170023,0.4,2026-10-01,yfinance
PCG,PG&E Corporation,Utilities,36778995712.0,64703000000.0,0.363855,0.4,2026-10-01,yfinance
EIX,Edison International,Utilities,20676055040.0,43540000000.0,0.390307,0.4,2026-10-01,yfinance
WEC,"WEC Energy Group, Inc.",Utilities,32839100416.0,22979700000.0,0.160788,0.4,2026-10-01,yfinance
DTE,DTE Energy Company,Utilities,25345126400.0,26972000000.0,0.172216,0.4,2026-10-01,yfinance
ETR,Entergy Corporation,Utilities,47424192512.0,34058443000.0,0.204131,0.4,2026-10-01,yfinance
FE,FirstEnergy Corp.,Utilities,25072470016.0,28983000000.0,0.162156,0.4,2026-10-01,yfinance
AES,The AES Corporation,Utilities,10630236160.0,32117000000.0,0.290276,0.4,2026-10-01,yfinance
NRG,"NRG Energy, Inc.",Utilities,20106633216.0,23467000000.0,0.491416,0.4,2026-10-01,yfinance
VST,Vistra Corp.,Utilities,46435131392.0,19895000000.0,0.488034,0.4,2026-10-01,yfinance
PLD,"Prologis, Inc.",Real Estate,126216339456.0,36442085000.0,0.213001,0.5,2026-10-01,yfinance
AMT,American Tower Corporation,Real Estate,76273000448.0,44979900000.0,0.263039,0.5,2026-10-01,yfinance
EQIX,"Equinix, Inc.",Real Estate,99814309888.0,23356000000.0,0.249681,0.5,2026-10-01,yfinance
SPG,"Simon Property Group, Inc.",Real Estate,76213207040.0,29427509000.0,0.190266,0.5,2026-10-01,yfinance
O,Realty Income Corporation,Real Estate,51379638272.0,31180190000.0,0.165815,0.5,2026-10-01,yfinance
WELL,Welltower Inc.,Real Estate,165904515072.0,19984841000.0,0.228165,0.5,2026-10-01,yfinance
DLR,"Digital Realty Trust, Inc.",Real Estate,66291310592.0,19655352000.0,0.270864,0.5,2026-10-01,yfinance
PSA,Public Storage,Real Estate,52849299456.0,10180215000.0,0.2312,0.5,2026-10-01,yfinance
EXR,Extra Space Storage Inc.,Real Estate,29024589824.0,13940213000.0,0.227889,0.5,2026-10-01,yfinance
VICI,VICI Properties Inc.,Real Estate,25291749376.0,17843674000.0,0.184237,0.5,2026-10-01,yfinance
WPC,W. P. Carey Inc.,Real Estate,14723804160.0,8851851000.0,0.169454,0.5,2026-10-01,yfinance
NNN,"NNN REIT, Inc.",Real Estate,7817297408.0,5001273000.0,0.16564,0.5,2026-10-01,yfinance
ARE,"Alexandria Real Estate Equities, Inc.",Real Estate,8167641600.0,13167779000.0,0.489425,0.5,2026-10-01,yfinance
BXP,"BXP, Inc.",Real Estate,11053419520.0,16358486000.0,0.274036,0.5,2026-10-01,yfinance
KIM,Kimco Realty Corporation,Real Estate,14898231296.0,8858822000.0,0.17737,0.5,2026-10-01,yfinance
UAL,"United Airlines Holdings, Inc.",Industrials,36011012096.0,33668000000.0,0.480619,0.4,2026-10-01,yfinance
DAL,"Delta Air Lines, Inc.",Industrials,54885220352.0,19984000000.0,0.391199,0.4,2026-10-01,yfinance
ALK,"Alaska Air Group, Inc.",Industrials,4319041024.0,7616000000.0,0.51571,0.4,2026-10-01,yfinance
NCLH,Norwegian Cruise Line Holdings Ltd.,Consumer Cyclical,6731693568.0,15034785000.0,0.544391,0.4,2026-10-01,yfinance
RCL,Royal Caribbean Cruises Ltd.,Consumer Cyclical,71104806912.0,23518000000.0,0.473071,0.4,2026-10-01,yfinance
HLT,Hilton Worldwide Holdings Inc.,Consumer Cyclical,71597645824.0,14023000000.0,0.23575,0.4,2026-10-01,yfinance
MAR,"Marriott International, Inc.",Consumer Cyclical,92746752000.0,17774000000.0,0.272023,0.4,2026-10-01,yfinance
H,Hyatt Hotels Corporation,Consumer Cyclical,14942176256.0,4509000000.0,0.338115,0.4,2026-10-01,yfinance
T,AT&T Inc.,Communication Services,167198212096.0,162888000000.0,0.254549,0.4,2026-10-01,yfinance
VZ,Verizon Communications Inc.,Communication Services,190579539968.0,188458000000.0,0.253369,0.4,2026-10-01,yfinance
TMUS,"T-Mobile US, Inc.",Communication Services,174931296256.0,119439000000.0,0.305287,0.4,2026-10-01,yfinance
LUMN,"Lumen Technologies, Inc.",Communication Services,5776094208.0,13495000000.0,0.762031,0.4,2026-10-01,yfinance
DIS,The Walt Disney Company,Communication Services,181129445376.0,46041000000.0,0.267712,0.4,2026-10-01,yfinance
NFLX,"Netflix, Inc.",Communication Services,289726922752.0,14309306000.0,0.365782,0.4,2026-10-01,yfinance
WBD,"Warner Bros. Discovery, Inc.",Communication Services,77595885568.0,32023000000.0,0.266601,0.4,2026-10-01,yfinance
FOX,Fox Corporation,Communication Services,23740225536.0,7568000000.0,0.342312,0.4,2026-10-01,yfinance
CMCSA,Comcast Corporation,Communication Services,77218332672.0,90381000000.0,0.326751,0.4,2026-10-01,yfinance
CHTR,"Charter Communications, Inc.",Communication Services,14412298240.0,96710000000.0,0.544291,0.4,2026-10-01,yfinance
EA,Electronic Arts Inc.,Communication Services,52925640704.0,1548000000.0,0.174459,0.4,2026-08-14,cached — fetch failed 2026-10-01
TTWO,"Take-Two Interactive Software, Inc.",Communication Services,38798442496.0,2944700000.0,0.330037,0.4,2026-10-01,yfinance
LYV,"Live Nation Entertainment, Inc.",Communication Services,39440044032.0,11282712000.0,0.311787,0.4,2026-10-01,yfinance
LIN,Linde plc,Basic Materials,218804224000.0,28013000000.0,0.190583,0.45,2026-10-01,yfinance
APD,"Air Products and Chemicals, Inc.",Basic Materials,61957799936.0,18157300000.0,0.264409,0.45,2026-10-01,yfinance
ECL,Ecolab Inc.,Basic Materials,76972621824.0,13918800000.0,0.220486,0.45,2026-10-01,yfinance
DD,"DuPont de Nemours, Inc.",Basic Materials,17540732928.0,3125000000.0,0.306809,0.45,2026-10-01,yfinance
DOW,Dow Inc.,Basic Materials,19893264384.0,19428000000.0,0.440253,0.45,2026-10-01,yfinance
LYB,LyondellBasell Industries N.V.,Basic Materials,18564990976.0,14220000000.0,0.432729,0.45,2026-10-01,yfinance
PPG,"PPG Industries, Inc.",Basic Materials,23192559616.0,7459000000.0,0.304758,0.45,2026-10-01,yfinance
SHW,The Sherwin-Williams Company,Basic Materials,78476419072.0,14215400000.0,0.273985,0.45,2026-10-01,yfinance
NEM,Newmont Corporation,Basic Materials,121532866560.0,5598000000.0,0.505577,0.45,2026-10-01,yfinance
FCX,Freeport-McMoRan Inc.,Basic Materials,100521230336.0,10359000000.0,0.47989,0.45,2026-10-01,yfinance
NUE,Nucor Corporation,Basic Materials,53032189952.0,7099000000.0,0.320704,0.45,2026-10-01,yfinance
STLD,"Steel Dynamics, Inc.",Basic Materials,31762939904.0,4182142000.0,0.365154,0.45,2026-10-01,yfinance
CLF,Cleveland-Cliffs Inc.,Basic Materials,6281646080.0,7703000000.0,0.700259,0.45,2026-10-01,yfinance
AA,Alcoa Corporation,Basic Materials,11084196864.0,2225000000.0,0.559731,0.45,2026-10-01,yfinance
CF,"CF Industries Holdings, Inc.",Basic Materials,17434150912.0,3613000000.0,0.429576,0.45,2026-10-01,yfinance
MOS,The Mosaic Company,Basic Materials,6882440704.0,6079100000.0,0.452044,0.45,2026-10-01,yfinance
IFF,International Flavors & Fragrances Inc.,Basic Materials,21299920896.0,6243000000.0,0.348183,0.45,2026-10-01,yfinance
ALB,Albemarle Corporation,Basic Materials,12482574336.0,1876784000.0,0.573408,0.45,2026-10-01,yfinance
MP,MP Materials Corp.,Basic Materials,8422424064.0,934583000.0,0.746313,0.45,2026-10-01,yfinance
BIIB,Biogen Inc.,Healthcare,33374674944.0,8355100000.0,0.336299,0.35,2026-10-01,yfinance
REGN,"Regeneron Pharmaceuticals, Inc.",Healthcare,78067687424.0,2706600000.0,0.326725,0.35,2026-10-01,yfinance
VRTX,Vertex Pharmaceuticals Incorporated,Healthcare,132511907840.0,1977600000.0,0.282641,0.35,2026-10-01,yfinance
MRNA,"Moderna, Inc.",Healthcare,76880863232.0,1287000000.0,1.275865,0.35,2026-10-01,yfinance
BNTX,BioNTech SE,Healthcare,24693389312.0,316100000.0,0.456403,0.35,2026-10-01,yfinance
ALNY,"Alnylam Pharmaceuticals, Inc.",Healthcare,33016064000.0,1267409000.0,0.506877,0.35,2026-10-01,yfinance
INCY,Incyte Corporation,Healthcare,24597370880.0,38267000.0,0.329799,0.35,2026-10-01,yfinance
IONS,"Ionis Pharmaceuticals, Inc.",Healthcare,7420130304.0,1613522000.0,0.442502,0.35,2026-10-01,yfinance
RARE,Ultragenyx Pharmaceutical Inc.,Healthcare,1481790720.0,36000000.0,0.96556,0.35,2026-10-01,yfinance
FATE,"Fate Therapeutics, Inc.",Healthcare,283974592.0,75675000.0,0.89942,0.35,2026-10-01,yfinance
TSM,Taiwan Semiconductor Manufacturing Company Limited,Technology,2366017634304.0,1064949595000.0,0.400966,0.35,2026-10-01,yfinance
AVGO,Broadcom Inc.,Technology,1676451119104.0,59419000000.0,0.468086,0.35,2026-10-01,yfinance
ASML,ASML Holding N.V.,Technology,695862493184.0,1984400000.0,0.464069,0.35,2026-10-01,yfinance
MRVL,"Marvell Technology, Inc.",Technology,237446742016.0,5286100000.0,0.777266,0.35,2026-10-01,yfinance
MPWR,"Monolithic Power Systems, Inc.",Technology,66206429184.0,18934000.0,0.548346,0.35,2026-10-01,yfinance
ON,ON Semiconductor Corporation,Technology,29926924288.0,4482700000.0,0.644606,0.35,2026-10-01,yfinance
WOLF,"Wolfspeed, Inc.",Technology,1488936832.0,1823100000.0,1.142157,0.35,2026-10-01,yfinance
NXPI,NXP Semiconductors N.V.,Technology,59896557568.0,10976000000.0,0.484753,0.35,2026-10-01,yfinance
STM,STMicroelectronics N.V.,Technology,47593283584.0,3582000000.0,0.604466,0.35,2026-10-01,yfinance
SWKS,"Skyworks Solutions, Inc.",Technology,12862413824.0,681100000.0,0.513062,0.35,2026-10-01,yfinance
QRVO,"Qorvo, Inc.",Technology,10099612672.0,1549138000.0,0.394268,0.35,2026-10-01,yfinance
ENTG,"Entegris, Inc.",Technology,23540367360.0,3560000000.0,0.686467,0.35,2026-10-01,yfinance
MKSI,MKS Inc.,Technology,17942994944.0,4186000000.0,0.622318,0.35,2026-10-01,yfinance
SAP,SAP SE,Technology,240628498432.0,10507000000.0,0.392987,0.35,2026-10-01,yfinance
INTU,Intuit Inc.,Technology,73679634432.0,8421000000.0,0.507142,0.35,2026-10-01,yfinance
ADSK,"Autodesk, Inc.",Technology,43681001472.0,3705000000.0,0.3842,0.35,2026-10-01,yfinance
PTC,PTC Inc.,Technology,15223429120.0,1607694000.0,0.363999,0.35,2026-10-01,yfinance
PRGS,Progress Software Corporation,Technology,1639287424.0,1326758000.0,0.535413,0.35,2026-10-01,yfinance
GWRE,"Guidewire Software, Inc.",Technology,11690515456.0,714987000.0,0.600665,0.35,2026-10-01,yfinance
VEEV,Veeva Systems Inc.,Healthcare,46216884224.0,151695000.0,0.423985,0.35,2026-10-01,yfinance
TTD,"The Trade Desk, Inc.",Communication Services,5753916416.0,434110000.0,0.571829,0.4,2026-10-01,yfinance
ROKU,"Roku, Inc.",Communication Services,22615199744.0,474118000.0,0.411243,0.4,2026-10-01,yfinance
ZM,"Zoom Communications, Inc.",Technology,26485207040.0,60272000.0,0.439012,0.35,2026-10-01,yfinance
DOCN,"DigitalOcean Holdings, Inc.",Technology,15683936256.0,1529917000.0,0.824665,0.35,2026-10-01,yfinance
BOX,"Box, Inc.",Technology,4593481728.0,525358000.0,0.377404,0.35,2026-10-01,yfinance
DELL,Dell Technologies Inc.,Technology,342035464192.0,34466000000.0,0.723653,0.35,2026-10-01,yfinance
HPQ,HP Inc.,Technology,28208021504.0,10339000000.0,0.453136,0.35,2026-10-01,yfinance
HPE,Hewlett Packard Enterprise Company,Technology,84811726848.0,20244000000.0,0.567126,0.35,2026-10-01,yfinance
WDC,Western Digital Corporation,Technology,163851419648.0,1052000000.0,0.793301,0.35,2026-10-01,yfinance
STX,Seagate Technology Holdings plc,Technology,209733681152.0,3858000000.0,0.738797,0.35,2026-10-01,yfinance
NTAP,"NetApp, Inc.",Technology,41263706112.0,2534000000.0,0.434237,0.35,2026-10-01,yfinance
PSTG,Everpure Inc,Technology,22405251072.0,230961000.0,0.690577,0.35,2026-06-18,cached — fetch failed 2026-10-01
SMCI,"Super Micro Computer, Inc.",Technology,26981568512.0,8760913000.0,0.951547,0.35,2026-10-01,yfinance
VIAV,Viavi Solutions Inc.,Technology,10343751680.0,698300000.0,0.750506,0.35,2026-10-01,yfinance
CIEN,Ciena Corporation,Technology,49891078144.0,3285877000.0,0.731233,0.35,2026-10-01,yfinance
FFIV,"F5, Inc.",Technology,25209288704.0,252380000.0,0.367335,0.35,2026-10-01,yfinance
AKAM,"Akamai Technologies, Inc.",Technology,15284260864.0,9338986000.0,0.596406,0.35,2026-10-01,yfinance
LDOS,"Leidos Holdings, Inc.",Technology,15288716288.0,6578000000.0,0.347104,0.35,2026-10-01,yfinance
SAIC,Science Applications International Corporation,Technology,5344462336.0,2705000000.0,0.392745,0.35,2026-10-01,yfinance
BAH,Booz Allen Hamilton Holding Corporation,Industrials,8350182912.0,4160000000.0,0.421523,0.4,2026-10-01,yfinance
CTSH,Cognizant Technology Solutions Corporation,Technology,25873516544.0,2094000000.0,0.412614,0.35,2026-10-01,yfinance
ACN,Accenture plc,Technology,112211812352.0,8388770000.0,0.45972,0.35,2026-10-01,yfinance
WIT,Wipro Limited,Technology,16324011008.0,212822000000.0,0.450778,0.35,2026-10-01,yfinance
INFY,Infosys Limited,Technology,43581698048.0,923000000.0,0.399858,0.35,2026-10-01,yfinance
WIX,Wix.com Ltd.,Technology,3018605312.0,2038659000.0,0.754392,0.35,2026-10-01,yfinance
SHOP,Shopify Inc.,Technology,192442187776.0,178000000.0,0.5918,0.35,2026-10-01,yfinance
PYPL,"PayPal Holdings, Inc.",Financial Services,44937359360.0,13400000000.0,0.451387,0.55,2026-10-01,yfinance
AFRM,"Affirm Holdings, Inc.",Financial Services,23359674368.0,10022802000.0,0.593421,0.55,2026-10-01,yfinance
SOFI,"SoFi Technologies, Inc.",Financial Services,20303484928.0,3405137000.0,0.575206,0.55,2026-10-01,yfinance
NU,Nu Holdings Ltd.,Financial Services,61156519936.0,4682252000.0,0.399356,0.55,2026-10-01,yfinance
MELI,"MercadoLibre, Inc.",Consumer Cyclical,87630938112.0,13176000000.0,0.409125,0.4,2026-10-01,yfinance
SE,Sea Limited,Consumer Cyclical,59631497216.0,4126483000.0,0.512064,0.4,2026-10-01,yfinance
GRAB,Grab Holdings Limited,Technology,12723948544.0,2033000000.0,0.383251,0.35,2026-10-01,yfinance
BIDU,"Baidu, Inc.",Communication Services,29578967040.0,112897000000.0,0.486116,0.4,2026-10-01,yfinance
JD,"JD.com, Inc.",Consumer Cyclical,35923300352.0,105308000000.0,0.30651,0.4,2026-10-01,yfinance
PDD,PDD Holdings Inc.,Consumer Cyclical,110939529216.0,4844000000.0,0.335998,0.4,2026-10-01,yfinance
BABA,Alibaba Group Holding Limited,Consumer Cyclical,267532107776.0,266530000000.0,0.416504,0.4,2026-10-01,yfinance
TCOM,Trip.com Group Limited,Consumer Cyclical,24621473792.0,26964000000.0,0.360122,0.4,2026-10-01,yfinance
NTES,"NetEase, Inc.",Communication Services,77582434304.0,12604170000.0,0.332809,0.4,2026-10-01,yfinance
ALLY,Ally Financial Inc.,Financial Services,11443991552.0,22342000000.0,0.297155,0.55,2026-10-01,yfinance
SLM,SLM Corporation,Financial Services,4254439936.0,5844116000.0,0.4043,0.55,2026-10-01,yfinance
NAVI,Navient Corporation,Financial Services,850619264.0,43907000000.0,0.425016,0.55,2026-10-01,yfinance
OMF,"OneMain Holdings, Inc.",Financial Services,6372147200.0,22769000000.0,0.299343,0.55,2026-10-01,yfinance
CACC,Credit Acceptance Corporation,Financial Services,5512088064.0,6286200000.0,0.377443,0.55,2026-10-01,yfinance
TREE,"LendingTree, Inc.",Financial Services,342986464.0,436062000.0,0.691253,0.55,2026-10-01,yfinance
LC,LendingClub Corporation,Financial Services,2215891200.0,12481000.0,0.561334,0.55,2026-07-10,cached — fetch failed 2026-10-01
LPLA,LPL Financial Holdings Inc.,Financial Services,24079390720.0,7685361000.0,0.365456,0.55,2026-10-01,yfinance
RJF,"Raymond James Financial, Inc.",Financial Services,30355642368.0,4472000000.0,0.251763,0.55,2026-10-01,yfinance
SF,Stifel Financial Corp.,Financial Services,10576160768.0,1960945000.0,0.269839,0.55,2026-10-01,yfinance
HLI,"Houlihan Lokey, Inc.",Financial Services,8829459456.0,493000000.0,0.304828,0.55,2026-10-01,yfinance
LAZ,"Lazard, Inc.",Financial Services,3530634240.0,2161384000.0,0.421072,0.55,2026-10-01,yfinance
EVR,Evercore Inc.,Financial Services,9902877696.0,1093142000.0,0.381542,0.55,2026-10-01,yfinance
PJT,PJT Partners Inc.,Financial Services,6079047168.0,419350000.0,0.334403,0.55,2026-10-01,yfinance
MKTX,MarketAxess Holdings Inc.,Financial Services,5769524224.0,178913000.0,0.366955,0.55,2026-10-01,yfinance
CBOE,"Cboe Global Markets, Inc.",Financial Services,28748814336.0,1580300000.0,0.348618,0.55,2026-10-01,yfinance
NDAQ,"Nasdaq, Inc.",Financial Services,51431505920.0,9243000000.0,0.279377,0.55,2026-10-01,yfinance
IEX,IDEX Corporation,Industrials,16806661120.0,1885500000.0,0.220132,0.4,2026-10-01,yfinance
BEN,Franklin Templeton Inc.,Financial Services,16319429632.0,16710000000.0,0.280738,0.55,2026-10-01,yfinance
IVZ,Invesco Ltd.,Financial Services,13315633152.0,9265500000.0,0.343828,0.55,2026-10-01,yfinance
TROW,"T. Rowe Price Group, Inc.",Financial Services,22195515392.0,429400000.0,0.242973,0.55,2026-10-01,yfinance
WTW,Willis Towers Watson Public Limited Company,Financial Services,26768478208.0,7101000000.0,0.309923,0.55,2026-10-01,yfinance
AFG,"American Financial Group, Inc.",Financial Services,11340339200.0,1821000000.0,0.187848,0.55,2026-10-01,yfinance
RLI,RLI Corp.,Financial Services,5075962880.0,296968000.0,0.264382,0.55,2026-10-01,yfinance
CINF,Cincinnati Financial Corporation,Financial Services,24459796480.0,884000000.0,0.207925,0.55,2026-10-01,yfinance
HIG,"The Hartford Insurance Group, Inc.",Financial Services,33143898112.0,4374000000.0,0.198023,0.55,2026-10-01,yfinance
L,Loews Corporation,Financial Services,21348386816.0,8936000000.0,0.162454,0.55,2026-10-01,yfinance
MKL,Markel Group Inc.,Financial Services,21217183744.0,4367740000.0,0.196922,0.55,2026-10-01,yfinance
WRB,W. R. Berkley Corporation,Financial Services,25072707584.0,2840332000.0,0.223308,0.55,2026-10-01,yfinance
ERIE,Erie Indemnity Company,Financial Services,11459323904.0,63157000.0,0.378724,0.55,2026-10-01,yfinance
RE,Everest Group Ltd.,Financial Services,18000000000.0,3500000000.0,0.225,0.55,2026-04-21,cached — fetch failed 2026-10-01
RNR,RenaissanceRe Holdings Ltd.,Financial Services,13223059456.0,2330907000.0,0.241272,0.55,2026-10-01,yfinance
DXCM,"DexCom, Inc.",Healthcare,32562460672.0,1398400000.0,0.397283,0.35,2026-10-01,yfinance
PODD,Insulet Corporation,Healthcare,9048642560.0,948400000.0,0.46187,0.35,2026-10-01,yfinance
ALGN,"Align Technology, Inc.",Healthcare,10325643264.0,120842000.0,0.394528,0.35,2026-10-01,yfinance
TECH,Bio-Techne Corporation,Healthcare,11364618240.0,289087000.0,0.443855,0.35,2026-10-01,yfinance
XRAY,DENTSPLY SIRONA Inc.,Healthcare,1766275200.0,2312000000.0,0.475854,0.35,2026-10-01,yfinance
HSIC,"Henry Schein, Inc.",Healthcare,9358166016.0,3813000000.0,0.253694,0.35,2026-10-01,yfinance
PRGO,Perrigo Company plc,Healthcare,2042308352.0,3294800000.0,0.561591,0.35,2026-10-01,yfinance
CVS,CVS Health Corporation,Healthcare,109594976256.0,76306000000.0,0.31705,0.35,2026-10-01,yfinance
JAZZ,Jazz Pharmaceuticals plc,Healthcare,15029022720.0,4409300000.0,0.35691,0.35,2026-10-01,yfinance
UTHR,United Therapeutics Corporation,Healthcare,23242037248.0,0.0,0.335189,0.35,2026-10-01,yfinance
BMRN,BioMarin Pharmaceutical Inc.,Healthcare,11614425088.0,4202200000.0,0.342475,0.35,2026-10-01,yfinance
SRPT,"Sarepta Therapeutics, Inc.",Healthcare,1924524288.0,1045849000.0,0.819716,0.35,2026-10-01,yfinance
PCVX,"Vaxcyte, Inc.",Healthcare,8467020800.0,115445000.0,0.447357,0.35,2026-10-01,yfinance
KRYS,"Krystal Biotech, Inc.",Healthcare,9843388416.0,8853000.0,0.377914,0.35,2026-10-01,yfinance
SMMT,Summit Therapeutics Inc.,Healthcare,13489946624.0,20384000.0,0.722134,0.35,2026-10-01,yfinance
LEGN,Legend Biotech Corporation,Healthcare,3868374528.0,278200000.0,0.709559,0.35,2026-10-01,yfinance
CRVS,"Corvus Pharmaceuticals, Inc.",Healthcare,969073344.0,728000.0,1.185077,0.35,2026-10-01,yfinance
PHAT,"Phathom Pharmaceuticals, Inc.",Healthcare,590576832.0,167112000.0,0.664841,0.35,2026-10-01,yfinance
RCKT,"Rocket Pharmaceuticals, Inc.",Healthcare,288707200.0,24798000.0,0.716663,0.35,2026-10-01,yfinance
ETSY,"Etsy, Inc.",Consumer Cyclical,6561476608.0,3075807000.0,0.500329,0.4,2026-10-01,yfinance
W,Wayfair Inc.,Consumer Cyclical,14047443968.0,3477000000.0,0.702012,0.4,2026-10-01,yfinance
CHWY,"Chewy, Inc.",Consumer Cyclical,7315076608.0,1118900000.0,0.460406,0.4,2026-10-01,yfinance
PETS,"PetMed Express, Inc.",Healthcare,29916902.0,414000.0,0.87728,0.35,2026-10-01,yfinance
PRTS,"CarParts.com, Inc.",Consumer Cyclical,64951988.0,51140000.0,0.745655,0.4,2026-10-01,yfinance
AN,"AutoNation, Inc.",Consumer Cyclical,5205093376.0,10184200000.0,0.322645,0.4,2026-10-01,yfinance
KMX,"CarMax, Inc.",Consumer Cyclical,7822467584.0,18642631000.0,0.536842,0.4,2026-10-01,yfinance
PAG,"Penske Automotive Group, Inc.",Consumer Cyclical,13154899968.0,9250900000.0,0.265284,0.4,2026-10-01,yfinance
LAD,"Lithia Motors, Inc.",Consumer Cyclical,6415332352.0,16563300000.0,0.37861,0.4,2026-10-01,yfinance
GPC,Genuine Parts Company,Consumer Cyclical,17334484992.0,6652785000.0,0.332886,0.4,2026-10-01,yfinance
AAP,"Advance Auto Parts, Inc.",Consumer Cyclical,2350163968.0,5211000000.0,0.600429,0.4,2026-10-01,yfinance
AZO,"AutoZone, Inc.",Consumer Cyclical,45769912320.0,12631171000.0,0.298805,0.4,2026-10-01,yfinance
ORLY,"O'Reilly Automotive, Inc.",Consumer Cyclical,69093343232.0,9587433000.0,0.259331,0.4,2026-10-01,yfinance
BBY,"Best Buy Co., Inc.",Consumer Cyclical,18506371072.0,4133000000.0,0.381982,0.4,2026-10-01,yfinance
PVH,PVH Corp.,Consumer Cyclical,3416506624.0,4162700000.0,0.484343,0.4,2026-10-01,yfinance
RL,Ralph Lauren Corporation,Consumer Cyclical,21155866624.0,3003900000.0,0.346344,0.4,2026-10-01,yfinance
VFC,V.F. Corporation,Consumer Cyclical,5527472128.0,4953682000.0,0.495325,0.4,2026-10-01,yfinance
TPR,"Tapestry, Inc.",Consumer Cyclical,22938019840.0,3953000000.0,0.417624,0.4,2026-10-01,yfinance
CPRI,Capri Holdings Limited,Consumer Cyclical,1620920960.0,1392000000.0,0.45853,0.4,2026-10-01,yfinance
KSS,Kohl's Corporation,Consumer Cyclical,2092929152.0,6421000000.0,0.69924,0.4,2026-10-01,yfinance
DDS,"Dillard's, Inc.",Consumer Cyclical,10464875520.0,456835000.0,0.407654,0.4,2026-10-01,yfinance
BJ,"BJ's Wholesale Club Holdings, Inc.",Consumer Defensive,11620951040.0,2773323000.0,0.30368,0.35,2026-10-01,yfinance
SFM,"Sprouts Farmers Market, Inc.",Consumer Defensive,6186979840.0,2106293000.0,0.520729,0.35,2026-10-01,yfinance
GO,Grocery Outlet Holding Corp.,Consumer Defensive,1114700544.0,1850872000.0,0.558665,0.35,2026-10-01,yfinance
CASY,"Casey's General Stores, Inc.",Consumer Cyclical,22488784896.0,2888148000.0,0.370794,0.4,2026-10-01,yfinance
CHEF,"The Chefs' Warehouse, Inc.",Consumer Defensive,4576096768.0,946608000.0,0.367851,0.35,2026-10-01,yfinance
CARR,Carrier Global Corporation,Industrials,45222473728.0,12394000000.0,0.359183,0.4,2026-10-01,yfinance
TT,Trane Technologies plc,Industrials,99446079488.0,4616800000.0,0.286554,0.4,2026-10-01,yfinance
JCI,Johnson Controls International plc,Industrials,90043457536.0,9475000000.0,0.30309,0.4,2026-10-01,yfinance
OTIS,Otis Worldwide Corporation,Industrials,24484653056.0,8846000000.0,0.219219,0.4,2026-10-01,yfinance
ALLE,Allegion plc,Industrials,13076106240.0,2031100000.0,0.273646,0.4,2026-10-01,yfinance
MAS,Masco Corporation,Industrials,13290432512.0,3493000000.0,0.353227,0.4,2026-10-01,yfinance
SWK,"Stanley Black & Decker, Inc.",Industrials,13378564096.0,4757900000.0,0.373648,0.4,2026-10-01,yfinance
NVT,nVent Electric plc,Industrials,25957156864.0,1632900000.0,0.46903,0.4,2026-10-01,yfinance
REXR,"Rexford Industrial Realty, Inc.",Real Estate,8292572160.0,3263724000.0,0.251815,0.5,2026-10-01,yfinance
GNRC,Generac Holdings Inc.,Industrials,12223281152.0,1513703000.0,0.565259,0.4,2026-10-01,yfinance
HUBB,Hubbell Incorporated,Industrials,23964854272.0,5556600000.0,0.321423,0.4,2026-10-01,yfinance
ACHR,Archer Aviation Inc.,Industrials,3827033088.0,125600000.0,0.732116,0.4,2026-10-01,yfinance
JOBY,"Joby Aviation, Inc.",Industrials,6027580416.0,747713000.0,0.706152,0.4,2026-10-01,yfinance
SPCE,"Virgin Galactic Holdings, Inc.",Industrials,453271744.0,219039000.0,1.117764,0.4,2026-10-01,yfinance
RKT,"Rocket Companies, Inc.",Financial Services,32592203776.0,27411000000.0,0.579651,0.55,2026-10-01,yfinance
OPEN,Opendoor Technologies Inc.,Real Estate,2301485824.0,1964000000.0,0.797886,0.5,2026-10-01,yfinance
Z,"Zillow Group, Inc.",Communication Services,6100857344.0,558000000.0,0.484045,0.4,2026-10-01,yfinance
TRGP,Targa Resources Corp.,Energy,57962848256.0,19578000000.0,0.290505,0.45,2026-10-01,yfinance
WES,"Western Midstream Partners, LP",Energy,18332555264.0,9129011000.0,0.207121,0.45,2026-10-01,yfinance
AM,Antero Midstream Corporation,Energy,9569427456.0,3609545000.0,0.207365,0.45,2026-10-01,yfinance
HESM,Hess Midstream LP,Energy,7704885248.0,3680000000.0,0.204204,0.45,2026-10-01,yfinance
LNG,"Cheniere Energy, Inc.",Energy,55563886592.0,26556000000.0,0.284484,0.45,2026-10-01,yfinance
ET,Energy Transfer LP,Energy,68074033152.0,70241000000.0,0.167268,0.45,2026-10-01,yfinance
EPD,Enterprise Products Partners L.P.,Energy,76898983936.0,34019000000.0,0.177864,0.45,2026-10-01,yfinance
PAA,"Plains All American Pipeline, L.P.",Energy,16736035840.0,8635000000.0,0.196546,0.45,2026-10-01,yfinance
PAGP,"Plains GP Holdings, L.P.",Energy,6034711040.0,8635000000.0,0.184239,0.45,2026-10-01,yfinance
KMI,"Kinder Morgan, Inc.",Energy,67138084864.0,32139000000.0,0.208442,0.45,2026-10-01,yfinance
WMB,"The Williams Companies, Inc.",Energy,83138699264.0,30793000000.0,0.242038,0.45,2026-10-01,yfinance
OKE,"ONEOK, Inc.",Energy,53754990592.0,33022000000.0,0.270494,0.45,2026-10-01,yfinance
TALO,Talos Energy Inc.,Energy,2726546176.0,1242687000.0,0.497466,0.45,2026-10-01,yfinance
SM,SM Energy Company,Energy,8034710016.0,7036000000.0,0.522539,0.45,2026-10-01,yfinance
CRC,California Resources Corporation,Energy,4512050688.0,1359000000.0,0.342369,0.45,2026-10-01,yfinance
FSLR,"First Solar, Inc.",Technology,18824409088.0,194010000.0,0.552174,0.35,2026-10-01,yfinance
ENPH,"Enphase Energy, Inc.",Technology,4359452160.0,581939000.0,0.798522,0.35,2026-10-01,yfinance
SEDG,"SolarEdge Technologies, Inc.",Technology,1960825600.0,407353000.0,0.993718,0.35,2026-10-01,yfinance
RUN,Sunrun Inc.,Technology,1853527936.0,15230687000.0,0.827257,0.35,2026-10-01,yfinance
ARRY,"Array Technologies, Inc.",Technology,619920384.0,752886000.0,0.804226,0.35,2026-10-01,yfinance
BE,Bloom Energy Corporation,Industrials,81578188800.0,2811628000.0,1.121138,0.4,2026-10-01,yfinance
PLUG,Plug Power Inc.,Industrials,2710558976.0,1036951000.0,0.86643,0.4,2026-10-01,yfinance
BLDP,Ballard Power Systems Inc.,Industrials,716225024.0,19689000.0,0.781245,0.4,2026-10-01,yfinance
CHPT,"ChargePoint Holdings, Inc.",Consumer Cyclical,270651264.0,245314000.0,0.935042,0.4,2026-10-01,yfinance
EVGO,"EVgo, Inc.",Consumer Cyclical,396289792.0,415555000.0,0.658346,0.4,2026-10-01,yfinance
BLNK,Blink Charging Co.,Industrials,78266912.0,4469000.0,0.88197,0.4,2026-10-01,yfinance
CEG,Constellation Energy Corporation,Utilities,90001162240.0,24700000000.0,0.471803,0.4,2026-10-01,yfinance
EQR,Equity Residential,Real Estate,24609972224.0,8565500000.0,0.205004,0.5,2026-08-25,cached — fetch failed 2026-10-01
AVB,AvalonBay Communities Inc,Real Estate,26283393024.0,9187224000.0,0.234928,0.5,2026-09-24,cached — fetch failed 2026-10-01
SMPL,The Simply Good Foods Company,Consumer Defensive,839307072.0,440489000.0,0.519432,0.35,2026-10-01,yfinance
PR,Permian Resources Corporation,Energy,17689204736.0,3134367000.0,0.339102,0.45,2026-10-01,yfinance
CHRD,Chord Energy Corporation,Energy,7333344256.0,1629558000.0,0.397205,0.45,2026-10-01,yfinance
MTDR,Matador Resources Company,Energy,6383242752.0,4323705000.0,0.429012,0.45,2026-10-01,yfinance
SIRI,Sirius XM Holdings Inc.,Communication Services,8723290112.0,9455000000.0,0.339698,0.4,2026-10-01,yfinance
ALKS,Alkermes plc,Healthcare,6797767680.0,1581660000.0,0.399779,0.35,2026-10-01,yfinance
MNDY,monday.com Ltd.,Technology,3316827392.0,237488000.0,0.656621,0.35,2026-10-01,yfinance
NTRA,"Natera, Inc.",Healthcare,59576229888.0,238488000.0,0.474903,0.35,2026-10-01,yfinance
CQP,"Cheniere Energy Partners, L.P.",Energy,29459750912.0,14444000000.0,0.297574,0.45,2026-10-01,yfinance
GAP,"The Gap, Inc.",Consumer Cyclical,8023010304.0,5720000000.0,0.472873,0.4,2026-10-01,yfinance
FBIN,"Fortune Brands Innovations, Inc.",Industrials,4539114496.0,2799900000.0,0.476128,0.4,2026-10-01,yfinance
FISV,"Fiserv, Inc.",Unknown,24025221120.0,28034000000.0,0.696687,0.4,2026-10-01,yfinance
XYZ,"Block, Inc.",Technology,44176457728.0,7171312000.0,0.468535,0.35,2026-10-01,yfinance
VTRS,Viatris Inc.,Healthcare,20353028096.0,13626400000.0,0.317634,0.35,2026-10-01,yfinance
